-- phpMyAdmin SQL Dump
-- version 4.0.10deb1
-- http://www.phpmyadmin.net
--
-- Machine: localhost
-- Genereertijd: 22 jun 2015 om 22:00
-- Serverversie: 5.5.43-0ubuntu0.14.04.1
-- PHP-versie: 5.5.9-1ubuntu4.9

SET SQL_MODE = "NO_AUTO_VALUE_ON_ZERO";
SET time_zone = "+00:00";


/*!40101 SET @OLD_CHARACTER_SET_CLIENT=@@CHARACTER_SET_CLIENT */;
/*!40101 SET @OLD_CHARACTER_SET_RESULTS=@@CHARACTER_SET_RESULTS */;
/*!40101 SET @OLD_COLLATION_CONNECTION=@@COLLATION_CONNECTION */;
/*!40101 SET NAMES utf8 */;

--
-- Databank: `autotaaldienst`
--

-- --------------------------------------------------------

--
-- Tabelstructuur voor tabel `Afspraken`
--

CREATE TABLE IF NOT EXISTS `Afspraken` (
  `id` int(11) NOT NULL AUTO_INCREMENT,
  `Klant_ID` int(11) NOT NULL,
  `Monteur_ID` int(11) DEFAULT NULL,
  `Auto_ID` int(11) NOT NULL,
  `Datum` date NOT NULL,
  `Omschrijving` text NOT NULL,
  `Status` varchar(50) NOT NULL DEFAULT 'NIEUW',
  `Uren` int(11) NOT NULL DEFAULT '0',
  PRIMARY KEY (`id`)
) ENGINE=InnoDB  DEFAULT CHARSET=latin1 AUTO_INCREMENT=42 ;

--
-- Gegevens worden uitgevoerd voor tabel `Afspraken`
--

INSERT INTO `Afspraken` (`id`, `Klant_ID`, `Monteur_ID`, `Auto_ID`, `Datum`, `Omschrijving`, `Status`, `Uren`) VALUES
(16, 16, 20, 1, '2015-06-26', 'Lorem ipsum dolor sit amet, consectetur adipiscing elit. Etiam accumsan nibh ex, quis convallis ipsum molestie vitae. Morbi laoreet nibh eget ullamcorper ultricies. In ullamcorper sit amet odio et lobortis. In dictum tortor ut venenatis imperdiet. Nunc non mi ex. Morbi mattis ipsum sit amet lorem vehicula, eu pretium libero tempus. Morbi commodo augue ut nunc condimentum rutrum. Ut faucibus nunc.', 'AFGEROND', 32),
(17, 29, 10, 25, '2015-06-25', 'Mijn auto zei "Boem"', 'AFGEROND', 1),
(20, 29, 20, 3, '2015-06-25', 'Lorem ipsum dolor sit amet, consectetur adipiscing elit. Integer ac vestibulum dolor, ac aliquet turpis. Aenean in finibus elit, et ultrices odio. In sit amet blandit magna. Cras mollis venenatis libero vel luctus. Nulla hendrerit urna auctor lobortis venenatis. Maecenas et pellentesque ipsum. Quisque aliquet nisl non mi hendrerit volutpat vitae ut felis.', 'AFGEROND', 43),
(21, 42, 10, 38, '2015-06-30', 'Lorem ipsum dolor sit amet, consectetur adipiscing elit. Integer ac vestibulum dolor, ac aliquet turpis. Aenean in finibus elit, et ultrices odio. In sit amet blandit magna. Cras mollis venenatis libero vel luctus. Nulla hendrerit urna auctor lobortis venenatis. Maecenas et pellentesque ipsum. Quisque aliquet nisl non mi hendrerit volutpat vitae ut felis.', 'AFGEROND', 12),
(22, 42, 18, 38, '2015-06-30', 'JA DOEI', 'AFGEROND', 6),
(25, 29, 20, 25, '2015-06-30', 'test', 'AFGEROND', 9),
(29, 29, 10, 25, '2015-06-23', 'Hij werkt niet meer', 'AFGEROND', 2),
(35, 28, 20, 3, '2015-06-30', 'loremdfgdsf g  sdf gksdfg sdfgsdfg', 'AFGEROND', 9),
(37, 42, NULL, 38, '2015-06-26', 'Fusce a rutrum ante, eget vulputate enim. Sed ac tempus ante, in posuere lacus. Cras iaculis euismod mollis. Suspendisse potenti. Integer ipsum mi, congue eget odio at, placerat vehicula urna. Suspendisse nec risus diam. Vivamus venenatis augue ac nibh consectetur, a gravida lorem tincidunt. In elementum ex id turpis porttitor porta. Vestibulum fermentum finibus quam eget ornare. Donec rutrum elit eget dui fringilla viverra. Duis feugiat laoreet tortor. Vestibulum ante ipsum primis in faucibus orci luctus et ultrices posuere cubilia Curae; Aenean massa est, ultricies sodales sapien sed, pretium condimentum massa.', 'NIEUW', 0),
(38, 42, 20, 38, '2015-06-28', 'Fusce a rutrum ante, eget vulputate enim. Sed ac tempus ante, in posuere lacus. Cras iaculis euismod mollis. Suspendisse potenti. Integer ipsum mi, congue eget odio at, placerat vehicula urna. Suspendisse nec risus diam. Vivamus venenatis augue ac nibh consectetur, a gravida lorem tincidunt. In elementum ex id turpis porttitor porta. Vestibulum fermentum finibus quam eget ornare. Donec rutrum elit eget dui fringilla viverra. Duis feugiat laoreet tortor. Vestibulum ante ipsum primis in faucibus orci luctus et ultrices posuere cubilia Curae; Aenean massa est, ultricies sodales sapien sed, pretium condimentum massa.', 'INBEHANDELING', 0),
(39, 42, NULL, 38, '2015-06-30', 'Fusce a rutrum ante, eget vulputate enim. Sed ac tempus ante, in posuere lacus. Cras iaculis euismod mollis. Suspendisse potenti. Integer ipsum mi, congue eget odio at, placerat vehicula urna. Suspendisse nec risus diam. Vivamus venenatis augue ac nibh consectetur, a gravida lorem tincidunt. In elementum ex id turpis porttitor porta. Vestibulum fermentum finibus quam eget ornare. Donec rutrum elit eget dui fringilla viverra. Duis feugiat laoreet tortor. Vestibulum ante ipsum primis in faucibus orci luctus et ultrices posuere cubilia Curae; Aenean massa est, ultricies sodales sapien sed, pretium condimentum massa.', 'NIEUW', 0),
(40, 29, 20, 25, '2015-06-26', 'Alles is kapot', 'INBEHANDELING', 0),
(41, 42, NULL, 38, '2015-06-30', 'omschrijbinfgdbdb', 'NIEUW', 0);

-- --------------------------------------------------------

--
-- Tabelstructuur voor tabel `Auto`
--

CREATE TABLE IF NOT EXISTS `Auto` (
  `id` int(11) NOT NULL AUTO_INCREMENT,
  `Kenteken` text NOT NULL,
  `Merk` text NOT NULL,
  `Type` text NOT NULL,
  PRIMARY KEY (`id`)
) ENGINE=InnoDB  DEFAULT CHARSET=latin1 AUTO_INCREMENT=39 ;

--
-- Gegevens worden uitgevoerd voor tabel `Auto`
--

INSERT INTO `Auto` (`id`, `Kenteken`, `Merk`, `Type`) VALUES
(1, '12-32-32', 'Mercedes', 'AMG'),
(2, '20-12-12', 'Audi', 'Cabrio'),
(3, '23-12-42', 'Audi', 'Cabrio'),
(13, '3453452345', 'audi', 'cabrio'),
(14, '1342-234-3', 'audi', 'cabrio'),
(23, '12-ab-1', 'volvo', 'truck'),
(24, 'a', 'a', 'a'),
(25, '10-10-12', 'Ford', 'Stationwagen'),
(38, '93-FE-GA', 'TREKKER', 'COOL');

-- --------------------------------------------------------

--
-- Tabelstructuur voor tabel `Berichten`
--

CREATE TABLE IF NOT EXISTS `Berichten` (
  `id` int(11) NOT NULL AUTO_INCREMENT,
  `Bericht` text NOT NULL,
  `Tijd` text NOT NULL,
  `User` int(11) NOT NULL,
  `Klant` int(11) NOT NULL,
  PRIMARY KEY (`id`)
) ENGINE=InnoDB  DEFAULT CHARSET=latin1 AUTO_INCREMENT=128 ;

--
-- Gegevens worden uitgevoerd voor tabel `Berichten`
--

INSERT INTO `Berichten` (`id`, `Bericht`, `Tijd`, `User`, `Klant`) VALUES
(68, 'test', '2015-05-27 09:45:38', 20, 0),
(87, 'asdfasdfasdf', '2015-05-27 10:13:44', 20, 0),
(88, 'testsetset', '2015-05-27 10:14:51', 20, 0),
(89, 'fasdfasdf', '2015-05-27 10:20:35', 20, 0),
(90, 'testserser', '2015-05-27 10:23:20', 20, 0),
(91, 'etsetserse', '2015-05-27 10:40:08', 20, 0),
(93, 'test2', '2015-05-27 10:42:29', 20, 0),
(94, 'testestset', '2015-06-03 11:32:39', 20, 0),
(95, 'testestset', '2015-06-03 11:34:01', 20, 0),
(96, 'test', '2015-06-18 13:22:04', 20, 0),
(97, 'Uw afspraak voor Tue Jun 23 00:00:00 CEST 2015 is ingepland en wordt verwerkt', '2015-06-22 15:20:13', 1, 29),
(98, 'Uw afspraak is verwerkt en uw auto wordt gerepareerd door martijn', '2015-06-22 15:27:17', 10, 29),
(99, 'Uw auto is gemaakt en u kunt hem ophalen', '2015-06-22 15:27:37', 10, 29),
(100, 'Uw heeft een parkeerplaats gereserveer voor 2015-06-23 tot 2015-06-25', '2015-06-22 15:38:12', 1, 29),
(101, 'Uw auto is gemaakt en u kunt hem ophalen', '2015-06-22 16:02:51', 20, 29),
(102, 'Uw afspraak is verwerkt en uw auto wordt gerepareerd door klaas', '2015-06-22 16:03:29', 20, 29),
(103, 'Uw auto is gemaakt en u kunt hem ophalen', '2015-06-22 16:04:41', 20, 29),
(104, 'Uw heeft een parkeerplaats gereserveerd voor 2015-06-23 tot 2015-06-25', '2015-06-22 16:25:58', 1, 28),
(105, 'Uw heeft een parkeerplaats gereserveerd voor 2015-06-23 tot 2015-06-25', '2015-06-22 16:28:23', 1, 28),
(106, 'Uw afspraak is verwerkt en uw auto wordt gerepareerd door martijn', '2015-06-22 16:32:44', 10, 42),
(107, 'Uw afspraak voor Tue Jun 23 00:00:00 CEST 2015 is ingepland en wordt verwerkt', '2015-06-22 16:35:01', 1, 29),
(108, 'Uw afspraak is verwerkt en uw auto wordt gerepareerd door martijn', '2015-06-22 16:35:44', 10, 29),
(109, 'Uw afspraak voor Tue Jun 23 00:00:00 CEST 2015 is ingepland en wordt verwerkt', '2015-06-22 16:41:54', 1, 28),
(110, 'Uw afspraak voor Sat Jun 20 00:00:00 CEST 2015 is ingepland en wordt verwerkt', '2015-06-22 16:42:02', 1, 28),
(111, 'Uw afspraak voor Tue Jun 23 00:00:00 CEST 2015 is ingepland en wordt verwerkt', '2015-06-22 16:42:05', 1, 28),
(112, 'Uw afspraak voor Sat Jun 20 00:00:00 CEST 2015 is ingepland en wordt verwerkt', '2015-06-22 16:42:12', 1, 28),
(113, 'Uw afspraak voor Tue Jun 23 00:00:00 CEST 2015 is ingepland en wordt verwerkt', '2015-06-22 16:42:15', 1, 28),
(114, 'Uw afspraak is verwerkt en uw auto wordt gerepareerd door mees', '2015-06-22 16:44:28', 18, 28),
(115, 'Uw afspraak is verwerkt en uw auto wordt gerepareerd door mees', '2015-06-22 16:44:37', 18, 28),
(116, 'Uw afspraak is verwerkt en uw auto wordt gerepareerd door mees', '2015-06-22 18:31:22', 18, 28),
(117, 'Uw auto is gemaakt en u kunt hem ophalen', '2015-06-22 18:31:51', 18, 42),
(118, 'Uw afspraak is verwerkt en uw auto wordt gerepareerd door klaas', '2015-06-22 20:21:10', 20, 28),
(119, 'Uw auto is gemaakt en u kunt hem ophalen', '2015-06-22 20:33:01', 20, 29),
(120, 'Uw afspraak voor Fri Jun 26 00:00:00 CEST 2015 is ingepland en wordt verwerkt', '2015-06-22 21:07:05', 1, 42),
(121, 'Uw afspraak voor Sun Jun 28 00:00:00 CEST 2015 is ingepland en wordt verwerkt', '2015-06-22 21:07:09', 1, 42),
(122, 'Uw afspraak voor Tue Jun 30 00:00:00 CEST 2015 is ingepland en wordt verwerkt', '2015-06-22 21:07:12', 1, 42),
(123, 'Uw auto is gemaakt en u kunt hem ophalen', '2015-06-22 21:09:07', 20, 28),
(124, 'Uw afspraak voor Fri Jun 26 00:00:00 CEST 2015 is ingepland en wordt verwerkt', '2015-06-22 21:09:41', 1, 29),
(125, 'Uw afspraak voor Tue Jun 30 00:00:00 CEST 2015 is ingepland en wordt verwerkt', '2015-06-22 21:22:24', 1, 42),
(126, 'Uw afspraak is verwerkt en uw auto wordt gerepareerd door klaas', '2015-06-22 21:31:36', 20, 42),
(127, 'Uw afspraak is verwerkt en uw auto wordt gerepareerd door klaas', '2015-06-22 21:35:00', 20, 29);

-- --------------------------------------------------------

--
-- Tabelstructuur voor tabel `GebruiktOnderdeel`
--

CREATE TABLE IF NOT EXISTS `GebruiktOnderdeel` (
  `id` int(11) NOT NULL AUTO_INCREMENT,
  `Afspraak_ID` int(11) NOT NULL,
  `Onderdeel_ID` int(11) NOT NULL,
  `aantal` int(11) NOT NULL,
  PRIMARY KEY (`id`)
) ENGINE=InnoDB  DEFAULT CHARSET=latin1 AUTO_INCREMENT=38 ;

--
-- Gegevens worden uitgevoerd voor tabel `GebruiktOnderdeel`
--

INSERT INTO `GebruiktOnderdeel` (`id`, `Afspraak_ID`, `Onderdeel_ID`, `aantal`) VALUES
(6, 16, 50, 20),
(7, 16, 51, 2),
(8, 16, 0, 43),
(9, 17, 51, 12),
(10, 18, 51, 0),
(11, 18, 51, 1),
(12, 16, 52, 2),
(13, 16, 51, 5),
(14, 16, 51, 3),
(15, 16, 50, 12),
(16, 16, 50, 43),
(17, 16, 51, 1),
(18, 16, 52, 1),
(19, 19, 51, 43),
(20, 19, 52, 2),
(21, 17, 51, 12),
(22, 20, 52, 56),
(23, 24, 51, 1),
(24, 23, 51, 1),
(25, 28, 51, 2),
(26, 20, 51, 4),
(27, 20, 51, 4),
(28, 20, 53, 2),
(29, 25, 53, 1),
(30, 25, 52, 3),
(31, 21, 53, 1),
(32, 29, 53, 2),
(33, 25, 57, 54),
(34, 25, 53, 2),
(35, 25, 53, 2),
(36, 25, 52, 5),
(37, 35, 52, 1);

-- --------------------------------------------------------

--
-- Tabelstructuur voor tabel `Klanten`
--

CREATE TABLE IF NOT EXISTS `Klanten` (
  `id` int(11) NOT NULL AUTO_INCREMENT,
  `Password` text NOT NULL,
  `Username` text NOT NULL,
  `Volledigenaam` text NOT NULL,
  `Postcode` text NOT NULL,
  `Email` text NOT NULL,
  `Auto` int(11) NOT NULL,
  `Priv` int(11) NOT NULL,
  PRIMARY KEY (`id`)
) ENGINE=InnoDB  DEFAULT CHARSET=latin1 AUTO_INCREMENT=43 ;

--
-- Gegevens worden uitgevoerd voor tabel `Klanten`
--

INSERT INTO `Klanten` (`id`, `Password`, `Username`, `Volledigenaam`, `Postcode`, `Email`, `Auto`, `Priv`) VALUES
(16, 'ae5deb822e0d71992900471a7199d0d95b8e7c9d05c40a8245a281fd2c1d6684', 'testuser', 'testuser', '152TW', 'klaas.foppen@gmail.com', 8, 3),
(28, 'f767fc1e274ea2a11212c525ef7c9c7ef9e9de0b379034bb2eb39804f1006284', 'klantje', 'klant', 'a', 'a', 24, 3),
(29, 'a1159e9df3670d549d04524532629f5477ceb7deec9b45e47e8c009506ecb2c8', 'martijnklant', 'Martijn Klant', '1238 BS', 'm.balsmeer@gmail.com', 25, 3),
(42, '6201eb4dccc956cc4fa3a78dca0c2888177ec52efd48f125df214f046eb43138', 'mark', 'mark', '8233HE', 'mark@gmail.com', 38, 3);

-- --------------------------------------------------------

--
-- Tabelstructuur voor tabel `Log`
--

CREATE TABLE IF NOT EXISTS `Log` (
  `id` int(11) NOT NULL AUTO_INCREMENT,
  `IP` text NOT NULL,
  `Tijd` text NOT NULL,
  `User` int(11) NOT NULL,
  `Klant` int(11) NOT NULL,
  PRIMARY KEY (`id`)
) ENGINE=InnoDB  DEFAULT CHARSET=latin1 AUTO_INCREMENT=343 ;

--
-- Gegevens worden uitgevoerd voor tabel `Log`
--

INSERT INTO `Log` (`id`, `IP`, `Tijd`, `User`, `Klant`) VALUES
(1, '127.0.0.1', '2015-04-21 19:45:19', 15, 0),
(2, '127.0.0.1', '2015-04-21 23:30:50', 16, 0),
(3, '127.0.0.1', '2015-04-22 11:33:41', 16, 0),
(4, '127.0.0.1', '2015-04-22 11:46:38', 16, 0),
(5, '127.0.0.1', '2015-04-22 11:51:23', 16, 0),
(6, '127.0.0.1', '2015-04-22 11:55:49', 16, 0),
(7, '127.0.0.1', '2015-04-22 11:56:50', 16, 0),
(8, '127.0.0.1', '2015-04-22 11:59:05', 10, 0),
(9, '127.0.0.1', '2015-04-22 12:58:47', 10, 0),
(10, '127.0.0.1', '2015-04-22 13:40:08', 10, 0),
(11, '127.0.0.1', '2015-04-22 13:54:03', 10, 0),
(12, '127.0.0.1', '2015-04-22 13:54:27', 10, 0),
(13, '127.0.0.1', '2015-04-22 14:28:30', 10, 0),
(14, '127.0.0.1', '2015-04-22 18:07:03', 10, 0),
(15, '127.0.0.1', '2015-04-22 18:07:43', 10, 0),
(16, '127.0.0.1', '2015-04-22 18:19:23', 10, 0),
(17, '127.0.0.1', '2015-04-22 18:19:46', 10, 0),
(18, '127.0.0.1', '2015-04-22 18:20:14', 10, 0),
(19, '127.0.0.1', '2015-04-22 18:21:33', 10, 0),
(20, '127.0.0.1', '2015-04-22 23:35:33', 10, 0),
(21, '127.0.0.1', '2015-04-22 23:35:42', 10, 0),
(22, '127.0.0.1', '2015-04-22 23:35:59', 10, 0),
(23, '127.0.0.1', '2015-04-23 10:02:04', 10, 0),
(24, '127.0.0.1', '2015-04-23 10:02:11', 10, 0),
(25, '127.0.0.1', '2015-04-23 10:02:45', 10, 0),
(26, '127.0.0.1', '2015-04-23 10:49:50', 10, 0),
(27, '127.0.0.1', '2015-04-29 09:33:05', 15, 0),
(28, '127.0.0.1', '2015-04-29 10:10:42', 15, 0),
(29, '173.245.53.219', '2015-04-29 04:45:53', 17, 0),
(30, '173.245.53.219', '2015-04-29 04:50:28', 17, 0),
(31, '173.245.53.219', '2015-04-29 04:50:51', 17, 0),
(32, '173.245.53.163', '2015-04-29 04:55:20', 18, 0),
(33, '173.245.53.163', '2015-04-29 04:55:34', 18, 0),
(34, '173.245.53.163', '2015-04-29 04:55:44', 18, 0),
(35, '173.245.53.198', '2015-04-29 04:56:05', 20, 0),
(36, '173.245.53.219', '2015-04-29 04:57:53', 17, 0),
(37, '173.245.53.198', '2015-04-29 05:01:53', 20, 0),
(38, '141.101.104.232', '2015-04-29 05:05:53', 21, 0),
(39, '141.101.105.59', '2015-04-29 05:10:42', 23, 0),
(40, '173.245.53.219', '2015-04-29 05:13:59', 17, 0),
(41, '0:0:0:0:0:0:0:1', '2015-04-29 11:22:42', 20, 0),
(42, '0:0:0:0:0:0:0:1', '2015-04-29 11:22:44', 20, 0),
(43, '0:0:0:0:0:0:0:1', '2015-04-29 11:22:43', 20, 0),
(44, '0:0:0:0:0:0:0:1', '2015-04-29 11:27:05', 20, 0),
(45, '0:0:0:0:0:0:0:1', '2015-04-29 11:29:07', 20, 0),
(46, '0:0:0:0:0:0:0:1', '2015-04-29 11:29:08', 20, 0),
(47, '0:0:0:0:0:0:0:1', '2015-04-29 11:32:07', 20, 0),
(48, '0:0:0:0:0:0:0:1', '2015-04-29 11:40:50', 20, 0),
(49, '0:0:0:0:0:0:0:1', '2015-04-29 11:44:17', 20, 0),
(50, '0:0:0:0:0:0:0:1', '2015-04-29 11:44:46', 20, 0),
(51, '0:0:0:0:0:0:0:1', '2015-04-29 11:54:23', 20, 0),
(52, '0:0:0:0:0:0:0:1', '2015-04-29 11:59:44', 20, 0),
(53, '141.101.75.95', '2015-04-29 06:20:13', 20, 0),
(54, '141.101.81.207', '2015-04-29 06:21:14', 10, 0),
(55, '173.245.53.219', '2015-04-29 07:14:13', 17, 0),
(56, '173.245.53.219', '2015-04-30 03:40:43', 17, 0),
(57, '173.245.53.163', '2015-04-30 05:50:53', 18, 0),
(58, '173.245.53.219', '2015-04-30 05:51:05', 17, 0),
(59, '173.245.53.186', '2015-04-30 05:52:26', 23, 0),
(60, '173.245.53.74', '2015-05-01 08:05:20', 10, 0),
(61, '173.245.53.74', '2015-05-01 09:52:05', 10, 0),
(62, '173.245.53.74', '2015-05-01 10:07:11', 10, 0),
(63, '173.245.53.74', '2015-05-01 16:30:38', 10, 0),
(64, '173.245.53.157', '2015-05-04 13:39:59', 17, 0),
(65, '173.245.53.74', '2015-05-08 11:25:18', 10, 0),
(66, '127.0.0.1', '2015-06-21 16:01:03', 10, 0),
(67, '127.0.0.1', '2015-06-21 16:01:21', 0, 3),
(68, '127.0.0.1', '2015-06-21 16:18:40', 0, 3),
(69, '0:0:0:0:0:0:0:1', '2015-06-21 16:19:45', 0, 16),
(70, '0:0:0:0:0:0:0:1', '2015-06-21 16:21:53', 0, 16),
(71, '0:0:0:0:0:0:0:1', '2015-06-21 16:23:27', 0, 16),
(72, '0:0:0:0:0:0:0:1', '2015-06-21 16:26:18', 0, 16),
(73, '0:0:0:0:0:0:0:1', '2015-06-21 16:28:51', 0, 16),
(74, '0:0:0:0:0:0:0:1', '2015-06-21 16:31:31', 0, 16),
(75, '0:0:0:0:0:0:0:1', '2015-06-21 16:32:31', 0, 16),
(76, '0:0:0:0:0:0:0:1', '2015-06-21 16:32:35', 0, 16),
(77, '0:0:0:0:0:0:0:1', '2015-06-21 16:33:48', 0, 16),
(78, '0:0:0:0:0:0:0:1', '2015-06-21 16:35:39', 0, 16),
(79, '0:0:0:0:0:0:0:1', '2015-06-21 16:36:05', 0, 16),
(80, '0:0:0:0:0:0:0:1', '2015-06-21 16:36:08', 0, 16),
(81, '0:0:0:0:0:0:0:1', '2015-06-21 16:38:27', 0, 16),
(82, '0:0:0:0:0:0:0:1', '2015-06-21 16:41:13', 10, 0),
(83, '0:0:0:0:0:0:0:1', '2015-06-21 16:41:25', 20, 0),
(84, '127.0.0.1', '2015-06-21 16:43:07', 0, 3),
(85, '0:0:0:0:0:0:0:1', '2015-06-21 16:44:54', 20, 0),
(86, '0:0:0:0:0:0:0:1', '2015-06-21 16:45:06', 0, 16),
(87, '0:0:0:0:0:0:0:1', '2015-06-21 16:47:26', 0, 16),
(88, '0:0:0:0:0:0:0:1', '2015-06-21 16:48:10', 0, 16),
(89, '0:0:0:0:0:0:0:1', '2015-06-21 16:50:39', 0, 16),
(90, '0:0:0:0:0:0:0:1', '2015-06-21 16:50:44', 0, 16),
(91, '0:0:0:0:0:0:0:1', '2015-06-21 16:52:42', 0, 16),
(92, '0:0:0:0:0:0:0:1', '2015-06-21 16:53:27', 0, 16),
(93, '0:0:0:0:0:0:0:1', '2015-06-21 16:55:00', 0, 16),
(94, '0:0:0:0:0:0:0:1', '2015-06-21 16:56:48', 0, 16),
(95, '0:0:0:0:0:0:0:1', '2015-06-21 16:57:46', 0, 16),
(96, '0:0:0:0:0:0:0:1', '2015-06-21 16:59:02', 0, 16),
(97, '0:0:0:0:0:0:0:1', '2015-06-21 17:42:09', 0, 16),
(98, '0:0:0:0:0:0:0:1', '2015-06-21 17:45:31', 0, 16),
(99, '0:0:0:0:0:0:0:1', '2015-06-21 17:46:07', 0, 16),
(100, '0:0:0:0:0:0:0:1', '2015-06-21 17:47:50', 0, 16),
(101, '0:0:0:0:0:0:0:1', '2015-06-21 17:48:40', 0, 16),
(102, '127.0.0.1', '2015-06-21 20:04:09', 0, 3),
(103, '127.0.0.1', '2015-06-21 20:35:37', 0, 3),
(104, '127.0.0.1', '2015-06-21 21:25:01', 0, 19),
(105, '127.0.0.1', '2015-06-21 21:42:10', 0, 21),
(106, '127.0.0.1', '2015-06-21 21:52:11', 0, 21),
(107, '127.0.0.1', '2015-06-21 21:52:58', 10, 0),
(108, '127.0.0.1', '2015-06-21 22:00:56', 0, 22),
(109, '127.0.0.1', '2015-06-21 22:07:17', 0, 25),
(110, '127.0.0.1', '2015-06-21 22:09:34', 10, 0),
(111, '127.0.0.1', '2015-06-21 22:32:03', 10, 0),
(112, '127.0.0.1', '2015-06-21 22:49:19', 10, 0),
(113, '127.0.0.1', '2015-06-21 23:05:34', 10, 0),
(114, '127.0.0.1', '2015-06-21 23:16:39', 10, 0),
(115, '127.0.0.1', '2015-06-21 23:17:31', 10, 0),
(116, '127.0.0.1', '2015-06-21 23:20:51', 10, 0),
(117, '127.0.0.1', '2015-06-21 23:22:26', 10, 0),
(118, '127.0.0.1', '2015-06-21 23:23:45', 10, 0),
(119, '0:0:0:0:0:0:0:1', '2015-06-22 10:09:59', 0, 16),
(120, '0:0:0:0:0:0:0:1', '2015-06-22 10:11:07', 0, 26),
(121, '0:0:0:0:0:0:0:1', '2015-06-22 10:12:57', 0, 26),
(122, '0:0:0:0:0:0:0:1', '2015-06-22 10:16:03', 0, 26),
(123, '0:0:0:0:0:0:0:1', '2015-06-22 10:16:13', 0, 16),
(124, '0:0:0:0:0:0:0:1', '2015-06-22 10:17:32', 0, 16),
(125, '0:0:0:0:0:0:0:1', '2015-06-22 10:18:23', 0, 16),
(126, '0:0:0:0:0:0:0:1', '2015-06-22 10:25:23', 20, 0),
(127, '173.245.53.74', '2015-06-22 10:37:12', 18, 0),
(128, '173.245.53.74', '2015-06-22 10:40:28', 18, 0),
(129, '173.245.53.74', '2015-06-22 10:44:30', 0, 27),
(130, '0:0:0:0:0:0:0:1', '2015-06-22 10:47:36', 20, 0),
(131, '173.245.53.74', '2015-06-22 10:51:54', 18, 0),
(132, '0:0:0:0:0:0:0:1', '2015-06-22 10:52:04', 20, 0),
(133, '173.245.53.74', '2015-06-22 10:52:22', 0, 27),
(134, '0:0:0:0:0:0:0:1', '2015-06-22 10:59:05', 20, 0),
(135, '0:0:0:0:0:0:0:1', '2015-06-22 11:04:34', 20, 0),
(136, '0:0:0:0:0:0:0:1', '2015-06-22 11:04:53', 0, 16),
(137, '0:0:0:0:0:0:0:1', '2015-06-22 11:06:48', 20, 0),
(138, '0:0:0:0:0:0:0:1', '2015-06-22 11:12:27', 20, 0),
(139, '173.245.53.74', '2015-06-22 11:16:23', 18, 0),
(140, '0:0:0:0:0:0:0:1', '2015-06-22 11:42:05', 20, 0),
(141, '0:0:0:0:0:0:0:1', '2015-06-22 11:53:23', 20, 0),
(142, '173.245.53.74', '2015-06-22 11:56:43', 18, 0),
(143, '173.245.53.74', '2015-06-22 11:57:24', 0, 27),
(144, '141.101.105.130', '2015-06-22 12:00:45', 10, 0),
(145, '0:0:0:0:0:0:0:1', '2015-06-22 12:05:49', 20, 0),
(146, '0:0:0:0:0:0:0:1', '2015-06-22 12:15:04', 20, 0),
(147, '0:0:0:0:0:0:0:1', '2015-06-22 12:28:33', 20, 0),
(148, '0:0:0:0:0:0:0:1', '2015-06-22 12:34:08', 20, 0),
(149, '0:0:0:0:0:0:0:1', '2015-06-22 12:39:46', 20, 0),
(150, '0:0:0:0:0:0:0:1', '2015-06-22 12:43:59', 20, 0),
(151, '0:0:0:0:0:0:0:1', '2015-06-22 12:44:55', 10, 0),
(152, '0:0:0:0:0:0:0:1', '2015-06-22 12:46:23', 20, 0),
(153, '0:0:0:0:0:0:0:1', '2015-06-22 12:49:06', 10, 0),
(154, '173.245.53.74', '2015-06-22 12:49:21', 0, 28),
(155, '0:0:0:0:0:0:0:1', '2015-06-22 12:50:13', 0, 29),
(156, '0:0:0:0:0:0:0:1', '2015-06-22 12:50:43', 10, 0),
(157, '0:0:0:0:0:0:0:1', '2015-06-22 12:52:52', 20, 0),
(158, '0:0:0:0:0:0:0:1', '2015-06-22 12:57:08', 20, 0),
(159, '0:0:0:0:0:0:0:1', '2015-06-22 12:58:43', 20, 0),
(160, '0:0:0:0:0:0:0:1', '2015-06-22 12:59:32', 20, 0),
(161, '0:0:0:0:0:0:0:1', '2015-06-22 13:01:29', 20, 0),
(162, '0:0:0:0:0:0:0:1', '2015-06-22 13:03:43', 20, 0),
(163, '0:0:0:0:0:0:0:1', '2015-06-22 13:04:47', 10, 0),
(164, '0:0:0:0:0:0:0:1', '2015-06-22 13:05:28', 0, 29),
(165, '0:0:0:0:0:0:0:1', '2015-06-22 13:06:06', 20, 0),
(166, '0:0:0:0:0:0:0:1', '2015-06-22 13:06:16', 10, 0),
(167, '0:0:0:0:0:0:0:1', '2015-06-22 13:07:36', 20, 0),
(168, '0:0:0:0:0:0:0:1', '2015-06-22 13:10:15', 20, 0),
(169, '0:0:0:0:0:0:0:1', '2015-06-22 13:10:46', 10, 0),
(170, '0:0:0:0:0:0:0:1', '2015-06-22 13:10:55', 0, 29),
(171, '0:0:0:0:0:0:0:1', '2015-06-22 13:13:05', 10, 0),
(172, '0:0:0:0:0:0:0:1', '2015-06-22 13:14:48', 20, 0),
(173, '0:0:0:0:0:0:0:1', '2015-06-22 13:18:07', 20, 0),
(174, '0:0:0:0:0:0:0:1', '2015-06-22 13:19:53', 10, 0),
(175, '0:0:0:0:0:0:0:1', '2015-06-22 13:20:59', 20, 0),
(176, '0:0:0:0:0:0:0:1', '2015-06-22 13:22:21', 10, 0),
(177, '0:0:0:0:0:0:0:1', '2015-06-22 13:22:23', 10, 0),
(178, '0:0:0:0:0:0:0:1', '2015-06-22 13:22:24', 10, 0),
(179, '0:0:0:0:0:0:0:1', '2015-06-22 13:22:25', 10, 0),
(180, '0:0:0:0:0:0:0:1', '2015-06-22 13:22:25', 10, 0),
(181, '0:0:0:0:0:0:0:1', '2015-06-22 13:22:25', 10, 0),
(182, '0:0:0:0:0:0:0:1', '2015-06-22 13:22:26', 10, 0),
(183, '0:0:0:0:0:0:0:1', '2015-06-22 13:22:26', 10, 0),
(184, '0:0:0:0:0:0:0:1', '2015-06-22 13:22:35', 10, 0),
(185, '0:0:0:0:0:0:0:1', '2015-06-22 13:22:48', 10, 0),
(186, '0:0:0:0:0:0:0:1', '2015-06-22 13:23:46', 10, 0),
(187, '0:0:0:0:0:0:0:1', '2015-06-22 13:23:47', 10, 0),
(188, '0:0:0:0:0:0:0:1', '2015-06-22 13:23:47', 10, 0),
(189, '0:0:0:0:0:0:0:1', '2015-06-22 13:23:48', 20, 0),
(190, '0:0:0:0:0:0:0:1', '2015-06-22 13:25:49', 20, 0),
(191, '0:0:0:0:0:0:0:1', '2015-06-22 13:26:47', 0, 29),
(192, '0:0:0:0:0:0:0:1', '2015-06-22 13:27:59', 0, 29),
(193, '0:0:0:0:0:0:0:1', '2015-06-22 13:29:38', 0, 29),
(194, '0:0:0:0:0:0:0:1', '2015-06-22 13:30:54', 0, 29),
(195, '0:0:0:0:0:0:0:1', '2015-06-22 13:31:09', 0, 29),
(196, '0:0:0:0:0:0:0:1', '2015-06-22 13:31:12', 0, 29),
(197, '0:0:0:0:0:0:0:1', '2015-06-22 13:31:33', 0, 29),
(198, '0:0:0:0:0:0:0:1', '2015-06-22 13:31:58', 0, 29),
(199, '0:0:0:0:0:0:0:1', '2015-06-22 13:32:05', 0, 29),
(200, '0:0:0:0:0:0:0:1', '2015-06-22 13:32:50', 0, 29),
(201, '0:0:0:0:0:0:0:1', '2015-06-22 13:33:00', 0, 29),
(202, '0:0:0:0:0:0:0:1', '2015-06-22 13:33:40', 20, 0),
(203, '0:0:0:0:0:0:0:1', '2015-06-22 13:35:51', 20, 0),
(204, '0:0:0:0:0:0:0:1', '2015-06-22 13:36:42', 10, 0),
(205, '0:0:0:0:0:0:0:1', '2015-06-22 13:36:59', 0, 29),
(206, '0:0:0:0:0:0:0:1', '2015-06-22 13:37:05', 0, 16),
(207, '0:0:0:0:0:0:0:1', '2015-06-22 13:38:46', 0, 29),
(208, '0:0:0:0:0:0:0:1', '2015-06-22 13:38:48', 20, 0),
(209, '0:0:0:0:0:0:0:1', '2015-06-22 13:38:55', 10, 0),
(210, '0:0:0:0:0:0:0:1', '2015-06-22 13:39:13', 36, 0),
(211, '0:0:0:0:0:0:0:1', '2015-06-22 13:40:02', 20, 0),
(212, '0:0:0:0:0:0:0:1', '2015-06-22 13:42:21', 20, 0),
(213, '0:0:0:0:0:0:0:1', '2015-06-22 13:44:24', 20, 0),
(214, '0:0:0:0:0:0:0:1', '2015-06-22 13:45:41', 20, 0),
(215, '0:0:0:0:0:0:0:1', '2015-06-22 13:47:15', 20, 0),
(216, '0:0:0:0:0:0:0:1', '2015-06-22 13:48:14', 20, 0),
(217, '173.245.53.74', '2015-06-22 13:48:22', 0, 28),
(218, '0:0:0:0:0:0:0:1', '2015-06-22 13:48:45', 36, 0),
(219, '0:0:0:0:0:0:0:1', '2015-06-22 13:50:02', 20, 0),
(220, '0:0:0:0:0:0:0:1', '2015-06-22 13:57:25', 36, 0),
(221, '0:0:0:0:0:0:0:1', '2015-06-22 13:59:15', 36, 0),
(222, '0:0:0:0:0:0:0:1', '2015-06-22 13:59:47', 10, 0),
(223, '0:0:0:0:0:0:0:1', '2015-06-22 13:59:53', 0, 29),
(224, '0:0:0:0:0:0:0:1', '2015-06-22 14:01:34', 20, 0),
(225, '0:0:0:0:0:0:0:1', '2015-06-22 14:06:10', 0, 29),
(226, '0:0:0:0:0:0:0:1', '2015-06-22 14:10:34', 20, 0),
(227, '0:0:0:0:0:0:0:1', '2015-06-22 14:19:09', 0, 29),
(228, '0:0:0:0:0:0:0:1', '2015-06-22 14:23:09', 0, 29),
(229, '0:0:0:0:0:0:0:1', '2015-06-22 14:27:35', 0, 29),
(230, '0:0:0:0:0:0:0:1', '2015-06-22 14:29:56', 0, 29),
(231, '0:0:0:0:0:0:0:1', '2015-06-22 14:32:15', 20, 0),
(232, '0:0:0:0:0:0:0:1', '2015-06-22 14:34:08', 20, 0),
(233, '0:0:0:0:0:0:0:1', '2015-06-22 14:34:41', 0, 29),
(234, '0:0:0:0:0:0:0:1', '2015-06-22 14:36:05', 20, 0),
(235, '0:0:0:0:0:0:0:1', '2015-06-22 14:39:35', 20, 0),
(236, '0:0:0:0:0:0:0:1', '2015-06-22 14:40:35', 20, 0),
(237, '173.245.53.74', '2015-06-22 14:41:41', 18, 0),
(238, '0:0:0:0:0:0:0:1', '2015-06-22 14:42:47', 10, 0),
(239, '0:0:0:0:0:0:0:1', '2015-06-22 14:44:07', 0, 16),
(240, '0:0:0:0:0:0:0:1', '2015-06-22 14:45:04', 0, 42),
(241, '0:0:0:0:0:0:0:1', '2015-06-22 14:48:05', 20, 0),
(242, '0:0:0:0:0:0:0:1', '2015-06-22 14:49:44', 0, 29),
(243, '0:0:0:0:0:0:0:1', '2015-06-22 14:51:42', 0, 42),
(244, '173.245.53.74', '2015-06-22 14:51:48', 0, 28),
(245, '0:0:0:0:0:0:0:1', '2015-06-22 14:52:37', 20, 0),
(246, '0:0:0:0:0:0:0:1', '2015-06-22 14:54:27', 0, 29),
(247, '0:0:0:0:0:0:0:1', '2015-06-22 14:59:56', 0, 29),
(248, '0:0:0:0:0:0:0:1', '2015-06-22 15:00:31', 10, 0),
(249, '173.245.53.74', '2015-06-22 15:00:50', 18, 0),
(250, '0:0:0:0:0:0:0:1', '2015-06-22 15:03:43', 0, 29),
(251, '173.245.53.74', '2015-06-22 15:03:51', 18, 0),
(252, '0:0:0:0:0:0:0:1', '2015-06-22 15:05:52', 20, 0),
(253, '173.245.53.74', '2015-06-22 15:07:10', 37, 0),
(254, '0:0:0:0:0:0:0:1', '2015-06-22 15:10:24', 0, 29),
(255, '0:0:0:0:0:0:0:1', '2015-06-22 15:17:39', 18, 0),
(256, '0:0:0:0:0:0:0:1', '2015-06-22 15:18:44', 0, 29),
(257, '0:0:0:0:0:0:0:1', '2015-06-22 15:19:53', 0, 29),
(258, '0:0:0:0:0:0:0:1', '2015-06-22 15:21:25', 0, 29),
(259, '0:0:0:0:0:0:0:1', '2015-06-22 15:22:00', 0, 29),
(260, '0:0:0:0:0:0:0:1', '2015-06-22 15:26:26', 20, 0),
(261, '0:0:0:0:0:0:0:1', '2015-06-22 15:26:48', 0, 29),
(262, '0:0:0:0:0:0:0:1', '2015-06-22 15:27:00', 10, 0),
(263, '0:0:0:0:0:0:0:1', '2015-06-22 15:27:55', 0, 29),
(264, '0:0:0:0:0:0:0:1', '2015-06-22 15:34:47', 0, 29),
(265, '0:0:0:0:0:0:0:1', '2015-06-22 15:35:07', 20, 0),
(266, '0:0:0:0:0:0:0:1', '2015-06-22 15:36:02', 0, 29),
(267, '0:0:0:0:0:0:0:1', '2015-06-22 15:36:50', 0, 29),
(268, '0:0:0:0:0:0:0:1', '2015-06-22 15:37:56', 0, 29),
(269, '0:0:0:0:0:0:0:1', '2015-06-22 15:41:26', 18, 0),
(270, '0:0:0:0:0:0:0:1', '2015-06-22 15:42:06', 20, 0),
(271, '0:0:0:0:0:0:0:1', '2015-06-22 15:42:58', 20, 0),
(272, '0:0:0:0:0:0:0:1', '2015-06-22 15:45:57', 18, 0),
(273, '0:0:0:0:0:0:0:1', '2015-06-22 15:49:56', 0, 29),
(274, '0:0:0:0:0:0:0:1', '2015-06-22 15:54:21', 0, 29),
(275, '0:0:0:0:0:0:0:1', '2015-06-22 15:58:24', 0, 29),
(276, '0:0:0:0:0:0:0:1', '2015-06-22 16:00:25', 18, 0),
(277, '0:0:0:0:0:0:0:1', '2015-06-22 16:00:26', 20, 0),
(278, '0:0:0:0:0:0:0:1', '2015-06-22 16:01:14', 10, 0),
(279, '0:0:0:0:0:0:0:1', '2015-06-22 16:01:48', 18, 0),
(280, '0:0:0:0:0:0:0:1', '2015-06-22 16:03:45', 18, 0),
(281, '0:0:0:0:0:0:0:1', '2015-06-22 16:05:10', 18, 0),
(282, '0:0:0:0:0:0:0:1', '2015-06-22 16:08:47', 18, 0),
(283, '0:0:0:0:0:0:0:1', '2015-06-22 16:11:23', 18, 0),
(284, '0:0:0:0:0:0:0:1', '2015-06-22 16:12:55', 18, 0),
(285, '0:0:0:0:0:0:0:1', '2015-06-22 16:13:53', 18, 0),
(286, '0:0:0:0:0:0:0:1', '2015-06-22 16:15:06', 18, 0),
(287, '0:0:0:0:0:0:0:1', '2015-06-22 16:15:37', 20, 0),
(288, '0:0:0:0:0:0:0:1', '2015-06-22 16:16:26', 18, 0),
(289, '0:0:0:0:0:0:0:1', '2015-06-22 16:17:24', 18, 0),
(290, '0:0:0:0:0:0:0:1', '2015-06-22 16:18:08', 20, 0),
(291, '0:0:0:0:0:0:0:1', '2015-06-22 16:19:10', 18, 0),
(292, '0:0:0:0:0:0:0:1', '2015-06-22 16:20:55', 18, 0),
(293, '0:0:0:0:0:0:0:1', '2015-06-22 16:24:40', 0, 28),
(294, '0:0:0:0:0:0:0:1', '2015-06-22 16:25:44', 0, 28),
(295, '0:0:0:0:0:0:0:1', '2015-06-22 16:30:34', 18, 0),
(296, '0:0:0:0:0:0:0:1', '2015-06-22 16:31:30', 0, 28),
(297, '0:0:0:0:0:0:0:1', '2015-06-22 16:31:41', 0, 28),
(298, '0:0:0:0:0:0:0:1', '2015-06-22 16:32:14', 10, 0),
(299, '0:0:0:0:0:0:0:1', '2015-06-22 16:33:12', 0, 28),
(300, '0:0:0:0:0:0:0:1', '2015-06-22 16:34:43', 10, 0),
(301, '0:0:0:0:0:0:0:1', '2015-06-22 16:34:50', 0, 29),
(302, '0:0:0:0:0:0:0:1', '2015-06-22 16:35:40', 10, 0),
(303, '0:0:0:0:0:0:0:1', '2015-06-22 16:39:27', 20, 0),
(304, '0:0:0:0:0:0:0:1', '2015-06-22 16:41:51', 0, 28),
(305, '0:0:0:0:0:0:0:1', '2015-06-22 16:43:37', 18, 0),
(306, '141.101.105.130', '2015-06-22 16:47:28', 10, 0),
(307, '0:0:0:0:0:0:0:1', '2015-06-22 16:48:08', 20, 0),
(308, '0:0:0:0:0:0:0:1', '2015-06-22 18:31:05', 18, 0),
(309, '0:0:0:0:0:0:0:1', '2015-06-22 18:33:07', 0, 28),
(310, '127.0.0.1', '2015-06-22 18:40:46', 10, 0),
(311, '173.245.53.184', '2015-06-22 18:41:45', 10, 0),
(312, '0:0:0:0:0:0:0:1', '2015-06-22 18:51:19', 20, 0),
(313, '173.245.53.184', '2015-06-22 18:59:54', 0, 29),
(314, '173.245.53.184', '2015-06-22 19:01:21', 0, 29),
(315, '0:0:0:0:0:0:0:1', '2015-06-22 19:03:13', 20, 0),
(316, '0:0:0:0:0:0:0:1', '2015-06-22 19:18:35', 20, 0),
(317, '0:0:0:0:0:0:0:1', '2015-06-22 19:48:17', 20, 0),
(318, '0:0:0:0:0:0:0:1', '2015-06-22 20:01:37', 20, 0),
(319, '0:0:0:0:0:0:0:1', '2015-06-22 20:14:42', 20, 0),
(320, '127.0.0.1', '2015-06-22 20:22:05', 10, 0),
(321, '127.0.0.1', '2015-06-22 20:24:26', 10, 0),
(322, '127.0.0.1', '2015-06-22 20:47:48', 10, 0),
(323, '0:0:0:0:0:0:0:1', '2015-06-22 21:06:04', 0, 16),
(324, '0:0:0:0:0:0:0:1', '2015-06-22 21:06:34', 0, 42),
(325, '0:0:0:0:0:0:0:1', '2015-06-22 21:07:16', 20, 0),
(326, '127.0.0.1', '2015-06-22 21:07:16', 10, 0),
(327, '127.0.0.1', '2015-06-22 21:08:28', 10, 0),
(328, '127.0.0.1', '2015-06-22 21:09:28', 0, 29),
(329, '127.0.0.1', '2015-06-22 21:09:57', 10, 0),
(330, '0:0:0:0:0:0:0:1', '2015-06-22 21:22:05', 0, 42),
(331, '0:0:0:0:0:0:0:1', '2015-06-22 21:22:07', 0, 42),
(332, '0:0:0:0:0:0:0:1', '2015-06-22 21:22:51', 20, 0),
(333, '0:0:0:0:0:0:0:1', '2015-06-22 21:29:51', 20, 0),
(334, '0:0:0:0:0:0:0:1', '2015-06-22 21:31:25', 20, 0),
(335, '0:0:0:0:0:0:0:1', '2015-06-22 21:33:17', 20, 0),
(336, '0:0:0:0:0:0:0:1', '2015-06-22 21:33:54', 20, 0),
(337, '0:0:0:0:0:0:0:1', '2015-06-22 21:34:11', 20, 0),
(338, '0:0:0:0:0:0:0:1', '2015-06-22 21:42:19', 20, 0),
(339, '127.0.0.1', '2015-06-22 21:55:15', 10, 0),
(340, '173.245.53.184', '2015-06-22 21:56:19', 0, 29),
(341, '173.245.53.184', '2015-06-22 21:56:26', 10, 0),
(342, '173.245.53.184', '2015-06-22 21:57:16', 0, 29);

-- --------------------------------------------------------

--
-- Tabelstructuur voor tabel `Onderdeel`
--

CREATE TABLE IF NOT EXISTS `Onderdeel` (
  `id` int(11) NOT NULL AUTO_INCREMENT,
  `Naam` text NOT NULL,
  `Type` text NOT NULL,
  `Voorraad` int(11) NOT NULL,
  `Prijs` double NOT NULL,
  PRIMARY KEY (`id`)
) ENGINE=InnoDB  DEFAULT CHARSET=latin1 AUTO_INCREMENT=62 ;

--
-- Gegevens worden uitgevoerd voor tabel `Onderdeel`
--

INSERT INTO `Onderdeel` (`id`, `Naam`, `Type`, `Voorraad`, `Prijs`) VALUES
(50, 'Koplamp', 'licht', 35, 39.9),
(51, 'Bumper', 'auto ', 30, 399),
(52, 'Turbo', 'Super', 282, 100),
(53, 'Winter banden', 'wielen', 200, 198.99);

-- --------------------------------------------------------

--
-- Tabelstructuur voor tabel `Privileges`
--

CREATE TABLE IF NOT EXISTS `Privileges` (
  `id` int(11) NOT NULL AUTO_INCREMENT,
  `naam` text NOT NULL,
  `ADMIN` tinyint(1) NOT NULL,
  `VOORRAAD` tinyint(1) NOT NULL,
  `WERKPLAATS` tinyint(1) NOT NULL,
  `PARKEERGARAGE` tinyint(1) NOT NULL,
  PRIMARY KEY (`id`)
) ENGINE=InnoDB  DEFAULT CHARSET=latin1 AUTO_INCREMENT=4 ;

--
-- Gegevens worden uitgevoerd voor tabel `Privileges`
--

INSERT INTO `Privileges` (`id`, `naam`, `ADMIN`, `VOORRAAD`, `WERKPLAATS`, `PARKEERGARAGE`) VALUES
(1, 'Admin', 1, 1, 1, 1),
(2, 'Monteur', 0, 1, 1, 0),
(3, 'Klant', 0, 0, 0, 1);

-- --------------------------------------------------------

--
-- Tabelstructuur voor tabel `Reservering`
--

CREATE TABLE IF NOT EXISTS `Reservering` (
  `id` int(11) NOT NULL AUTO_INCREMENT,
  `aankomst` date NOT NULL,
  `vertrek` date NOT NULL,
  `klant_id` int(11) NOT NULL,
  `betaald` tinyint(1) DEFAULT NULL,
  PRIMARY KEY (`id`)
) ENGINE=InnoDB  DEFAULT CHARSET=latin1 AUTO_INCREMENT=87 ;

--
-- Gegevens worden uitgevoerd voor tabel `Reservering`
--

INSERT INTO `Reservering` (`id`, `aankomst`, `vertrek`, `klant_id`, `betaald`) VALUES
(49, '2015-06-23', '2015-06-23', 16, NULL),
(50, '2015-06-26', '2015-06-28', 16, NULL),
(51, '2015-06-30', '2015-07-24', 16, NULL),
(52, '2015-06-23', '2015-06-25', 16, NULL),
(76, '2015-06-30', '2015-07-30', 16, 0),
(77, '2015-07-09', '2015-07-25', 16, 0),
(78, '2015-07-24', '2015-07-29', 16, 0),
(79, '2015-06-24', '2015-06-26', 3, 0),
(80, '2015-06-23', '2015-06-24', 27, 0),
(81, '2015-06-27', '2015-06-30', 16, 0),
(82, '2015-06-24', '2015-06-25', 29, 0),
(83, '2015-06-23', '2015-06-25', 29, 0),
(84, '2015-06-23', '2015-06-25', 29, 0),
(85, '2015-06-23', '2015-06-25', 28, 0),
(86, '2015-06-23', '2015-06-25', 28, 0);

-- --------------------------------------------------------

--
-- Tabelstructuur voor tabel `Users`
--

CREATE TABLE IF NOT EXISTS `Users` (
  `id` int(11) NOT NULL AUTO_INCREMENT,
  `username` text NOT NULL,
  `naam` text NOT NULL,
  `priv` int(11) NOT NULL,
  `password` text NOT NULL,
  `uurloon` double NOT NULL,
  PRIMARY KEY (`id`)
) ENGINE=InnoDB  DEFAULT CHARSET=latin1 AUTO_INCREMENT=38 ;

--
-- Gegevens worden uitgevoerd voor tabel `Users`
--

INSERT INTO `Users` (`id`, `username`, `naam`, `priv`, `password`, `uurloon`) VALUES
(1, 'Systeem', 'Systeem', 2, 'xx', 23),
(9, 'enc', 'Mart ', 2, 'a1159e9df3670d549d04524532629f5477ceb7deec9b45e47e8c009506ecb2c8', 10),
(10, 'martijn', 'Martijn Boers', 2, 'a1159e9df3670d549d04524532629f5477ceb7deec9b45e47e8c009506ecb2c8', 10),
(18, 'mees', 'mees', 2, '2b347871c8149b7170bd173de8e75a23e32fa971bd949dd10818a02e9b8386d6', 10),
(20, 'klaas', 'klaas', 2, '6c399ee6a9c60eb1b2b269d5a6e0c166eee2a9cca6da4dc1c38fa274ec371f57', 10),
(36, 'monteur', 'Monteur 1', 2, 'a1159e9df3670d549d04524532629f5477ceb7deec9b45e47e8c009506ecb2c8', 10),
(37, 'mees2', 'mees', 1, '2b347871c8149b7170bd173de8e75a23e32fa971bd949dd10818a02e9b8386d6', 10);

/*!40101 SET CHARACTER_SET_CLIENT=@OLD_CHARACTER_SET_CLIENT */;
/*!40101 SET CHARACTER_SET_RESULTS=@OLD_CHARACTER_SET_RESULTS */;
/*!40101 SET COLLATION_CONNECTION=@OLD_COLLATION_CONNECTION */;
